PLAYER,TEAM,GP,W,L,MIN,PTS,DrivePTS,DriveFG%,C&SPTS,C&SFG%,Pull UpPTS,Pull UpFG%,PaintTouch PTS,PaintTouch FG%,PostTouch PTS,PostTouch FG%,ElbowTouch PTS,ElbowTouch FG%,eFG%
AJ Green,MIL,5,2,3,8.6,2.4,0.0,0.0,1.2,25.0,0.6,100.0,0.4,50.0,0.0,0.0,0.0,0.0,50.0
AJ Griffin,ATL,6,4,2,8.9,3.7,0.3,100.0,2.0,36.4,1.0,66.7,0.3,0.0,0.0,0.0,0.0,0.0,66.7
Aaron Gordon,DEN,9,7,2,32.1,14.2,2.1,47.1,0.8,23.1,1.6,31.3,6.0,81.3,0.7,60.0,1.1,71.4,63.3
Aaron Holiday,HOU,7,6,1,15.7,5.1,2.6,53.3,1.7,36.4,1.3,44.4,0.0,0.0,0.0,0.0,0.0,0.0,48.5
Aaron Nesmith,IND,11,7,4,23.9,11.2,2.5,50.0,5.5,48.8,1.0,33.3,0.5,75.0,0.0,0.0,0.0,0.0,64.5
Aaron Wiggins,OKC,9,6,3,10.7,3.8,1.1,71.4,0.7,22.2,0.3,50.0,1.3,55.6,0.0,0.0,0.0,0.0,57.4
Admiral Schofield,ORL,1,1,0,3.1,5.0,0.0,0.0,3.0,33.3,0.0,0.0,0.0,0.0,0.0,0.0,2.0,100.0,62.5
Al Horford,BOS,10,8,2,24.4,5.8,0.4,100.0,3.2,31.4,0.0,0.0,1.8,53.3,0.0,0.0,0.4,100.0,50.0
Alec Burks,DET,6,2,4,24.4,15.3,2.8,37.5,7.5,46.9,2.8,35.3,0.0,0.0,0.0,0.0,0.0,0.0,58.6
Aleksej Pokusevski,OKC,4,3,1,5.7,0.3,0.0,0.0,0.0,0.0,0.0,0.0,0.0,0.0,0.3,0.0,0.0,0.0,0.0
Alex Caruso,CHI,9,3,6,24.7,9.2,1.8,77.8,3.3,47.6,1.4,55.6,1.1,100.0,0.1,0.0,0.3,100.0,76.0
Alex Fudge,LAL,1,0,1,4.1,0.0,0.0,0.0,0.0,0.0,0.0,0.0,0.0,0.0,0.0,0.0,0.0,0.0,0.0
Alex Len,SAC,5,3,2,5.6,1.0,0.0,0.0,0.0,0.0,0.0,0.0,0.4,50.0,0.0,0.0,0.6,100.0,50.0
Alperen Sengun,HOU,9,6,3,31.4,19.4,4.4,70.8,4.7,51.4,0.4,40.0,3.7,63.6,2.4,78.6,4.3,75.0,61.6
Amari Bailey,CHA,1,0,1,3.3,2.0,0.0,0.0,0.0,0.0,2.0,33.3,2.0,50.0,0.0,0.0,0.0,0.0,33.3
Amen Thompson,HOU,4,1,3,16.7,6.3,0.5,33.3,1.5,25.0,1.5,37.5,1.0,100.0,0.0,0.0,0.0,0.0,45.5
Amir Coffey,LAC,5,3,2,7.4,1.6,0.8,40.0,0.0,0.0,0.0,0.0,0.0,0.0,0.0,0.0,0.0,0.0,25.0
Andre Drummond,CHI,11,4,7,13.2,6.7,0.5,75.0,0.0,0.0,0.2,100.0,4.4,52.4,0.5,50.0,0.9,57.1,56.1
Andre Jackson Jr.,MIL,7,3,4,9.3,1.6,0.0,0.0,0.4,20.0,0.3,100.0,0.3,100.0,0.0,0.0,0.0,0.0,55.0
Andrew Nembhard,IND,11,7,4,18.3,7.5,3.9,55.3,2.4,39.1,2.4,43.3,0.2,100.0,0.0,0.0,0.0,0.0,53.3
Andrew Wiggins,GSW,11,6,5,25.9,10.4,1.8,38.9,1.9,22.9,1.3,24.1,3.0,71.4,0.8,40.0,0.5,60.0,42.7
Anfernee Simons,POR,1,0,1,27.4,18.0,6.0,50.0,3.0,25.0,9.0,66.7,0.0,0.0,0.0,0.0,0.0,0.0,50.0
Anthony Black,ORL,8,5,3,20.1,5.5,1.1,66.7,1.5,33.3,0.0,0.0,0.8,100.0,0.0,0.0,0.0,0.0,58.8
Anthony Davis,LAL,11,6,5,36.0,22.1,3.0,39.4,1.5,35.0,1.0,20.0,10.2,67.7,3.8,73.9,2.5,41.7,53.3
Anthony Edwards,MIN,11,8,3,35.4,26.3,8.1,49.3,1.5,28.6,11.7,45.4,0.5,37.5,0.0,0.0,0.4,100.0,52.4
Anthony Gill,WAS,6,1,5,6.8,3.0,0.5,100.0,0.0,0.0,0.0,0.0,0.8,33.3,0.2,0.0,0.7,100.0,46.2
Armoni Brooks,BKN,3,1,2,12.1,5.7,0.7,100.0,5.0,55.6,0.0,0.0,0.0,0.0,0.0,0.0,0.0,0.0,70.8
Ausar Thompson,DET,12,2,10,32.1,12.0,2.7,39.4,1.1,16.7,0.6,20.0,4.1,57.9,0.0,0.0,0.8,80.0,44.7
Austin Reaves,LAL,12,6,6,31.9,13.6,4.4,47.5,3.2,36.1,4.5,41.4,0.8,83.3,0.0,0.0,0.2,100.0,51.1
Ayo Dosunmu,CHI,10,4,6,15.3,5.8,1.3,75.0,2.9,55.6,0.4,28.6,0.2,33.3,0.0,0.0,0.0,0.0,64.0
Bam Adebayo,MIA,10,7,3,34.7,23.0,5.2,50.0,3.2,45.7,4.9,49.0,4.4,57.1,2.1,40.0,2.7,36.7,52.8
Ben Sheppard,IND,3,2,1,10.8,4.3,0.0,0.0,2.0,28.6,1.0,100.0,0.0,0.0,0.0,0.0,0.0,0.0,54.2
Ben Simmons,BKN,6,3,3,31.8,6.5,1.5,36.4,0.0,0.0,0.0,0.0,3.0,56.3,0.3,100.0,0.7,100.0,52.8
Bennedict Mathurin,IND,11,7,4,24.7,12.9,4.7,47.7,1.8,38.9,3.1,36.1,1.1,62.5,0.0,0.0,0.2,20.0,48.4
Bilal Coulibaly,WAS,11,2,9,25.7,8.4,0.7,50.0,4.1,46.9,0.3,25.0,0.8,80.0,0.0,0.0,0.2,100.0,64.6
Bismack Biyombo,MEM,6,2,4,24.7,7.5,0.0,0.0,0.0,0.0,0.0,0.0,6.3,60.0,0.3,100.0,0.7,66.7,54.8
Blake Wesley,SAS,3,0,3,5.9,2.3,1.7,50.0,0.0,0.0,0.7,33.3,0.0,0.0,0.0,0.0,0.0,0.0,37.5
Boban Marjanovic,HOU,3,2,1,6.7,3.3,0.0,0.0,0.7,50.0,0.0,0.0,2.7,80.0,0.0,0.0,0.7,100.0,55.6
Bobby Portis,MIL,11,7,4,22.8,12.9,2.5,48.0,2.6,29.4,2.4,48.1,3.1,87.5,1.0,50.0,0.2,14.3,53.7
Bogdan Bogdanovic,ATL,10,5,5,26.0,14.7,1.7,50.0,8.3,36.8,2.2,38.5,1.2,75.0,0.0,0.0,0.2,50.0,54.9
Bol Bol,PHX,3,3,0,2.2,0.7,0.0,0.0,0.0,0.0,0.0,0.0,0.7,100.0,0.0,0.0,0.7,100.0,100.0
Bones Hyland,LAC,8,3,5,23.5,11.8,2.5,42.1,4.3,46.2,3.4,36.7,0.5,66.7,0.3,100.0,0.0,0.0,53.1
Bradley Beal,PHX,3,1,2,28.5,17.3,7.0,47.1,4.0,33.3,4.3,37.5,1.0,0.0,0.0,0.0,2.3,100.0,44.6
Brandin Podziemski,GSW,6,2,4,13.4,6.3,3.2,53.3,0.5,12.5,2.7,66.7,0.8,66.7,0.0,0.0,0.0,0.0,54.7
Brandon Ingram,NOP,8,3,5,34.0,22.9,10.9,67.8,2.9,30.0,10.9,47.2,0.5,66.7,0.3,100.0,1.6,85.7,52.3
Brandon Miller,CHA,9,3,6,28.8,12.8,3.2,43.5,3.7,33.3,2.8,42.9,2.4,91.7,0.0,0.0,0.7,60.0,49.5
Braxton Key,DEN,4,3,1,2.6,0.5,0.0,0.0,0.0,0.0,0.0,0.0,0.5,100.0,0.0,0.0,0.0,0.0,25.0
Brice Sensabaugh,UTA,1,0,1,2.4,0.0,0.0,0.0,0.0,0.0,0.0,0.0,0.0,0.0,0.0,0.0,0.0,0.0,0.0
Brook Lopez,MIL,11,7,4,26.9,9.6,0.7,40.0,5.3,33.9,0.3,10.0,2.9,56.5,0.3,25.0,0.7,33.3,50.5
Bruce Brown,IND,11,7,4,31.6,11.3,3.8,52.8,4.1,38.5,1.5,42.1,0.5,33.3,0.0,0.0,0.4,66.7,53.4
Bruno Fernando,ATL,2,2,0,2.9,0.0,0.0,0.0,0.0,0.0,0.0,0.0,0.0,0.0,0.0,0.0,0.0,0.0,0.0
Bryce McGowens,CHA,5,1,4,17.1,3.8,1.0,66.7,1.8,37.5,0.4,33.3,0.4,0.0,0.0,0.0,0.0,0.0,53.6
Buddy Hield,IND,11,7,4,23.5,12.1,3.0,64.0,6.0,37.9,2.7,33.3,0.2,20.0,0.0,0.0,0.5,66.7,54.1
CJ McCollum,NOP,6,4,2,34.3,21.7,6.5,48.3,5.5,37.9,7.3,43.9,0.7,66.7,0.0,0.0,0.3,100.0,53.5
Cade Cunningham,DET,12,2,10,36.2,21.3,9.3,44.7,4.6,37.3,5.6,34.1,0.7,75.0,0.3,100.0,0.5,40.0,44.8
Caleb Houstan,ORL,5,2,3,6.0,3.0,0.0,0.0,2.4,44.4,0.0,0.0,0.6,100.0,0.0,0.0,0.0,0.0,70.0
Caleb Martin,MIA,1,1,0,19.5,2.0,0.0,0.0,2.0,33.3,0.0,0.0,0.0,0.0,0.0,0.0,0.0,0.0,14.3
Cam Reddish,LAL,12,6,6,23.7,8.0,2.0,40.0,3.0,33.3,0.3,20.0,1.0,57.1,0.0,0.0,0.2,0.0,51.3
Cam Thomas,BKN,8,4,4,32.4,26.9,13.3,56.5,2.5,30.4,10.1,44.3,0.5,100.0,0.0,0.0,0.4,50.0,53.0
Cam Whitmore,HOU,3,2,1,7.7,2.3,1.7,40.0,0.0,0.0,0.0,0.0,0.0,0.0,0.0,0.0,0.0,0.0,33.3
Cameron Johnson,BKN,4,2,2,28.8,14.3,2.0,44.4,6.0,34.8,1.8,27.3,1.5,60.0,0.0,0.0,0.0,0.0,51.0
Cameron Payne,MIL,11,7,4,17.9,6.8,2.2,47.6,1.4,33.3,3.1,60.0,0.2,100.0,0.0,0.0,0.2,100.0,63.9
Caris LeVert,CLE,10,5,5,33.2,18.8,8.8,48.5,4.7,37.2,3.5,33.3,0.6,50.0,0.0,0.0,0.4,25.0,49.7
Cason Wallace,OKC,11,7,4,22.3,7.9,0.7,50.0,3.2,54.5,0.5,42.9,2.7,92.3,0.0,0.0,0.4,100.0,76.0
Cedi Osman,SAS,11,3,8,19.3,7.8,1.5,66.7,4.4,51.6,1.0,33.3,0.5,100.0,0.0,0.0,0.2,100.0,63.8
Charles Bassey,SAS,11,3,8,12.1,3.8,0.0,0.0,0.4,50.0,0.0,0.0,2.4,80.0,0.0,0.0,0.9,71.4,74.1
Chet Holmgren,OKC,11,7,4,30.0,15.7,4.4,54.8,5.5,50.0,0.9,31.3,3.8,68.2,0.2,100.0,1.1,57.1,61.2
Chimezie Metu,PHX,5,3,2,2.7,1.6,0.8,100.0,0.0,0.0,0.0,0.0,0.4,100.0,0.0,0.0,0.0,0.0,37.5
Chris Boucher,TOR,8,2,6,16.8,6.6,0.3,0.0,1.5,26.7,0.0,0.0,2.8,43.8,0.0,0.0,1.3,100.0,45.0
Chris Duarte,SAC,9,5,4,13.5,4.4,1.2,50.0,1.0,15.0,1.2,57.1,0.0,0.0,0.0,0.0,0.0,0.0,43.2
Chris Livingston,MIL,2,0,2,4.7,2.5,1.0,100.0,1.5,100.0,0.0,0.0,0.0,0.0,0.0,0.0,0.0,0.0,125.0
Chris Paul,GSW,11,6,5,27.8,8.7,3.5,45.7,1.6,35.3,4.6,35.7,0.0,0.0,0.4,100.0,0.1,0.0,40.9
Christian Braun,DEN,9,7,2,19.5,7.2,2.1,46.7,0.7,22.2,0.4,20.0,1.1,55.6,0.0,0.0,0.2,100.0,47.3
Christian Wood,LAL,12,6,6,20.9,6.8,1.2,55.6,2.9,37.5,0.0,0.0,1.0,55.6,0.2,50.0,0.7,75.0,52.4
Chuma Okeke,ORL,4,2,2,3.5,0.5,0.0,0.0,0.0,0.0,0.0,0.0,0.5,100.0,0.0,0.0,0.0,0.0,33.3
Clint Capela,ATL,10,5,5,25.0,9.9,0.2,0.0,0.0,0.0,0.0,0.0,8.3,62.1,0.2,0.0,1.3,54.5,60.0
Coby White,CHI,11,4,7,31.9,12.1,4.3,39.6,4.6,30.9,1.9,36.0,0.0,0.0,0.0,0.0,0.0,0.0,45.7
Cody Zeller,NOP,8,3,5,6.6,1.0,0.1,0.0,0.3,50.0,0.0,0.0,0.3,16.7,0.0,0.0,0.5,50.0,20.0
Colby Jones,SAC,6,2,4,8.5,3.2,2.7,63.6,0.5,33.3,0.3,50.0,0.0,0.0,0.0,0.0,0.3,100.0,50.0
Cole Anthony,ORL,10,6,4,23.8,14.1,5.8,48.8,3.8,37.1,3.2,48.3,0.9,50.0,0.0,0.0,0.6,100.0,52.5
Cole Swider,MIA,1,0,1,2.0,5.0,0.0,0.0,0.0,0.0,0.0,0.0,0.0,0.0,0.0,0.0,0.0,0.0,83.3
Colin Castleton,LAL,2,0,2,9.3,2.0,0.0,0.0,0.0,0.0,0.0,0.0,1.0,50.0,0.0,0.0,0.0,0.0,50.0
Collin Gillespie,DEN,4,3,1,10.8,3.0,1.8,75.0,0.8,25.0,0.5,33.3,0.0,0.0,0.0,0.0,0.0,0.0,45.8
Collin Sexton,UTA,11,4,7,19.7,12.3,4.5,44.7,2.6,47.6,0.5,12.5,1.3,75.0,0.0,0.0,0.9,100.0,51.0
Corey Kispert,WAS,10,2,8,22.4,10.4,2.9,52.9,4.5,35.7,1.2,44.4,0.6,66.7,0.0,0.0,0.0,0.0,57.2
Cory Joseph,GSW,5,1,4,5.3,1.8,0.0,0.0,1.8,50.0,0.0,0.0,0.0,0.0,0.0,0.0,0.0,0.0,50.0
Craig Porter,CLE,6,3,3,8.5,3.2,1.7,40.0,0.0,0.0,0.3,16.7,0.0,0.0,0.0,0.0,0.3,100.0,47.1
D'Angelo Russell,LAL,12,6,6,33.0,18.8,4.6,51.1,4.5,43.9,5.3,37.8,1.0,66.7,0.0,0.0,0.3,66.7,55.4
D'Moi Hodge,LAL,3,0,3,5.3,1.0,0.3,0.0,0.0,0.0,0.7,100.0,0.0,0.0,0.0,0.0,0.0,0.0,20.0
DaQuan Jeffries,NYK,4,3,1,3.1,1.8,0.5,100.0,0.8,33.3,0.0,0.0,0.0,0.0,0.0,0.0,0.0,0.0,70.0
Daishen Nix,MIN,3,2,1,2.4,0.7,0.0,0.0,0.0,0.0,0.0,0.0,0.0,0.0,0.0,0.0,0.0,0.0,100.0
Dalano Banton,BOS,5,5,0,7.2,3.0,1.2,50.0,0.0,0.0,0.0,0.0,0.8,66.7,0.0,0.0,0.0,0.0,46.2
Dalen Terry,CHI,3,1,2,2.7,1.7,0.7,50.0,1.0,33.3,0.0,0.0,0.0,0.0,0.0,0.0,0.0,0.0,41.7
Damian Jones,CLE,7,4,3,5.1,1.0,0.3,100.0,0.0,0.0,0.3,100.0,0.6,100.0,0.0,0.0,0.1,0.0,100.0
Damian Lillard,MIL,9,7,2,33.2,24.3,9.1,56.5,2.2,30.4,5.8,29.0,0.9,57.1,0.0,0.0,0.0,0.0,46.2
Daniel Gafford,WAS,9,2,7,23.2,8.4,1.1,75.0,0.2,100.0,0.0,0.0,4.7,73.1,0.1,0.0,0.9,80.0,77.5
Daniel Theis,IND,1,1,0,8.4,2.0,0.0,0.0,0.0,0.0,0.0,0.0,0.0,0.0,0.0,0.0,0.0,0.0,25.0
Danilo Gallinari,WAS,10,2,8,14.8,8.8,1.5,85.7,2.5,37.5,1.7,44.4,1.6,63.6,0.8,100.0,0.6,50.0,59.6
Danny Green,PHI,2,1,1,9.2,0.0,0.0,0.0,0.0,0.0,0.0,0.0,0.0,0.0,0.0,0.0,0.0,0.0,0.0
Dante Exum,DAL,10,8,2,9.5,4.0,1.6,43.8,0.6,25.0,0.3,33.3,0.3,33.3,0.0,0.0,0.3,100.0,50.0
Danuel House Jr.,PHI,6,4,2,11.0,1.8,0.3,100.0,0.5,50.0,0.0,0.0,0.2,0.0,0.0,0.0,0.0,0.0,50.0
Dario Saric,GSW,11,6,5,20.5,9.6,1.8,50.0,5.1,38.5,0.3,20.0,1.7,50.0,0.3,25.0,1.3,62.5,51.7
Darius Garland,CLE,6,3,3,33.3,17.2,7.7,48.5,2.5,29.4,4.2,36.7,0.0,0.0,0.0,0.0,0.0,0.0,50.0
David Roddy,MEM,11,2,9,22.6,8.8,1.5,35.0,2.2,25.0,0.5,60.0,1.9,71.4,0.0,0.0,0.7,66.7,50.6
Davion Mitchell,SAC,7,3,4,20.0,4.7,1.1,33.3,2.1,29.4,1.7,38.5,0.0,0.0,0.0,0.0,0.0,0.0,39.3
Davis Bertans,OKC,3,3,0,8.5,3.0,0.0,0.0,1.0,25.0,0.0,0.0,0.0,0.0,0.0,0.0,0.0,0.0,30.0
Day'Ron Sharpe,BKN,11,6,5,14.0,7.1,0.0,0.0,0.0,0.0,0.0,0.0,5.5,61.0,0.5,75.0,1.4,71.4,57.7
De'Aaron Fox,SAC,5,4,1,36.1,30.0,15.8,62.0,2.4,25.0,10.4,46.7,1.4,75.0,0.0,0.0,0.0,0.0,55.4
De'Andre Hunter,ATL,10,5,5,31.0,13.3,3.0,50.0,3.5,30.8,3.3,45.2,0.9,57.1,0.5,66.7,0.4,100.0,51.9
De'Anthony Melton,PHI,11,8,3,28.9,10.8,2.1,28.6,4.3,35.6,2.9,57.1,0.4,28.6,0.0,0.0,0.3,50.0,49.5
DeMar DeRozan,CHI,10,4,6,35.1,21.6,8.7,51.7,3.4,34.2,5.4,35.5,0.2,25.0,0.8,50.0,0.8,20.0,45.7
Dean Wade,CLE,10,4,6,18.7,3.1,0.0,0.0,2.7,30.0,0.0,0.0,0.2,0.0,0.0,0.0,0.2,0.0,46.8
Deandre Ayton,POR,10,3,7,30.5,11.3,1.0,62.5,1.8,50.0,1.2,50.0,7.1,66.0,1.2,37.5,2.8,52.0,54.5
Dejounte Murray,ATL,10,5,5,34.6,22.6,7.7,52.8,3.9,37.1,7.2,47.8,0.8,66.7,0.0,0.0,0.2,50.0,57.2
Delon Wright,WAS,8,2,6,17.7,5.0,2.6,40.0,1.5,44.4,0.3,16.7,0.0,0.0,0.0,0.0,0.0,0.0,43.3
Deni Avdija,WAS,11,2,9,26.8,12.7,3.6,58.6,3.2,41.4,1.5,43.8,1.5,44.4,0.0,0.0,0.9,83.3,58.3
Dennis Schroder,TOR,10,4,6,31.6,14.5,6.5,42.9,5.0,41.5,2.5,35.3,0.2,100.0,0.0,0.0,0.0,0.0,47.5
Dennis Smith Jr.,BKN,10,5,5,17.0,5.9,2.1,35.0,1.2,36.4,1.2,26.3,0.6,75.0,0.0,0.0,0.0,0.0,45.6
Dereck Lively II,DAL,11,9,2,24.1,9.1,0.0,0.0,0.0,0.0,0.0,0.0,8.5,78.4,0.4,66.7,1.0,66.7,72.9
Dereon Seabron,NOP,5,2,3,10.5,2.8,0.4,20.0,0.0,0.0,1.0,66.7,0.4,100.0,0.0,0.0,0.0,0.0,34.6
Derrick Jones Jr.,DAL,11,9,2,21.9,9.2,1.5,100.0,3.5,31.7,1.0,83.3,1.1,55.6,0.0,0.0,0.6,75.0,60.1
Derrick Rose,MEM,4,0,4,17.6,8.0,1.3,14.3,3.0,50.0,1.8,50.0,1.0,40.0,0.0,0.0,0.0,0.0,39.2
Derrick White,BOS,9,8,1,30.7,14.1,4.0,54.5,4.3,43.3,3.8,50.0,0.9,57.1,0.0,0.0,0.4,100.0,61.0
Desmond Bane,MEM,11,2,9,34.7,25.5,6.5,46.3,4.6,39.5,8.4,37.5,0.9,55.6,0.0,0.0,0.6,50.0,53.8
Devin Booker,PHX,3,2,1,32.7,31.3,13.7,64.0,3.0,50.0,11.7,45.2,0.7,0.0,2.3,100.0,0.7,50.0,64.5
Devin Vassell,SAS,9,3,6,28.9,17.3,2.2,50.0,5.7,44.7,6.3,46.4,0.0,0.0,0.0,0.0,0.2,100.0,59.3
Devonte' Graham,SAS,2,0,2,14.5,3.0,2.5,50.0,0.0,0.0,1.0,25.0,0.0,0.0,0.0,0.0,0.0,0.0,20.0
Dillon Brooks,HOU,9,6,3,30.9,13.7,3.8,57.9,3.8,54.5,2.4,47.1,1.6,77.8,0.7,66.7,0.7,100.0,65.4
Domantas Sabonis,SAC,9,5,4,34.7,18.2,3.6,57.9,2.2,38.1,0.4,50.0,7.2,60.0,1.2,66.7,4.7,58.1,59.5
Dominick Barlow,SAS,4,0,4,5.2,1.5,0.5,50.0,0.0,0.0,0.0,0.0,0.5,50.0,0.5,0.0,0.0,0.0,40.0
Donovan Mitchell,CLE,10,5,5,36.2,29.2,8.8,53.7,3.6,44.4,9.9,36.9,1.3,80.0,0.0,0.0,0.4,50.0,56.7
Donte DiVincenzo,NYK,11,6,5,19.6,7.1,0.5,25.0,3.8,31.1,0.2,50.0,0.2,16.7,0.0,0.0,0.2,100.0,46.7
Dorian Finney-Smith,BKN,11,6,5,30.4,11.8,1.1,60.0,8.7,45.1,0.5,33.3,0.7,44.4,0.0,0.0,0.0,0.0,62.6
Doug McDermott,SAS,11,3,8,17.4,7.6,0.3,0.0,5.1,47.5,1.4,71.4,0.4,40.0,0.0,0.0,0.0,0.0,71.1
Draymond Green,GSW,9,5,4,22.2,8.8,1.1,40.0,3.2,45.5,0.0,0.0,1.9,60.0,0.0,0.0,1.4,83.3,56.3
Drew Eubanks,PHX,11,5,6,18.8,7.8,0.5,37.5,0.5,66.7,0.0,0.0,4.2,71.4,0.0,0.0,2.5,64.7,64.5
Dru Smith,MIA,7,5,2,18.2,5.6,1.4,50.0,2.6,46.2,0.4,16.7,1.1,100.0,0.0,0.0,0.0,0.0,57.8
Duncan Robinson,MIA,11,7,4,28.6,13.3,2.5,52.2,3.8,28.0,4.5,48.6,1.3,85.7,0.0,0.0,0.7,80.0,57.1
Duop Reath,POR,3,0,3,14.5,9.0,0.0,0.0,5.0,31.3,0.0,0.0,2.0,75.0,0.7,100.0,0.7,100.0,52.1
Dwight Powell,DAL,10,8,2,15.3,6.1,0.3,100.0,0.3,100.0,0.0,0.0,3.8,73.7,0.2,0.0,0.7,50.0,75.0
Dylan Windler,NYK,3,2,1,2.5,1.0,0.0,0.0,1.0,50.0,0.0,0.0,0.0,0.0,0.0,0.0,0.0,0.0,75.0
Dyson Daniels,NOP,11,5,6,26.3,8.5,2.5,57.1,3.0,36.7,0.8,30.8,1.2,45.5,0.0,0.0,0.4,33.3,53.2
E.J. Liddell,NOP,3,1,2,2.9,1.3,1.3,100.0,0.0,0.0,0.0,0.0,0.0,0.0,0.0,0.0,0.0,0.0,25.0
Emoni Bates,CLE,4,2,2,7.9,2.3,0.0,0.0,0.0,0.0,2.0,50.0,0.0,0.0,0.0,0.0,0.0,0.0,44.4
Eric Gordon,PHX,10,5,5,29.5,13.7,5.7,65.9,5.9,39.2,2.1,45.0,0.8,57.1,0.0,0.0,0.0,0.0,55.4
Eugene Omoruyi,WAS,6,1,5,8.0,5.5,0.7,33.3,1.0,40.0,0.0,0.0,2.8,100.0,0.0,0.0,0.7,100.0,73.7
Evan Mobley,CLE,11,5,6,32.7,16.5,2.5,48.0,0.8,28.6,0.0,0.0,10.7,65.8,0.5,0.0,2.1,37.0,53.9
Filip Petrusev,SAC,2,2,0,1.4,0.0,0.0,0.0,0.0,0.0,0.0,0.0,0.0,0.0,0.0,0.0,0.0,0.0,0.0
Franz Wagner,ORL,10,6,4,34.0,18.9,7.0,41.7,3.3,33.3,3.8,35.7,2.6,62.5,0.2,33.3,0.0,0.0,46.4
Fred VanVleet,HOU,9,6,3,35.9,17.2,3.2,36.1,4.3,40.6,7.9,39.4,0.0,0.0,0.0,0.0,0.0,0.0,48.6
Furkan Korkmaz,PHI,9,7,2,7.9,2.2,0.4,33.3,0.7,33.3,0.6,40.0,0.0,0.0,0.0,0.0,0.0,0.0,50.0
GG Jackson,MEM,1,0,1,0.6,0.0,0.0,0.0,0.0,0.0,0.0,0.0,0.0,0.0,0.0,0.0,0.0,0.0,0.0
Gabe Vincent,LAL,4,2,2,28.4,6.0,2.8,83.3,0.8,11.1,2.0,36.4,0.0,0.0,0.0,0.0,0.0,0.0,41.1
Garrett Temple,TOR,4,1,3,3.2,2.3,0.5,0.0,0.8,50.0,0.0,0.0,0.5,100.0,0.0,0.0,0.0,0.0,87.5
Garrison Mathews,ATL,3,2,1,3.1,1.0,0.0,0.0,1.0,33.3,0.0,0.0,0.0,0.0,0.0,0.0,0.0,0.0,50.0
Gary Harris,ORL,6,4,2,18.3,7.7,1.5,80.0,5.0,52.6,0.0,0.0,0.3,100.0,0.0,0.0,0.3,100.0,73.3
Gary Payton II,GSW,11,6,5,18.1,6.5,0.4,100.0,2.5,36.0,0.0,0.0,1.6,50.0,0.0,0.0,0.2,100.0,55.8
Gary Trent Jr.,TOR,7,3,4,27.2,9.6,2.0,33.3,3.7,33.3,1.9,21.7,0.3,33.3,0.0,0.0,0.6,100.0,41.8
Georges Niang,CLE,11,5,6,22.3,6.4,1.6,42.1,3.5,29.5,0.6,37.5,0.2,50.0,0.0,0.0,0.0,0.0,44.6
Giannis Antetokounmpo,MIL,10,6,4,32.5,29.5,11.7,64.7,1.6,42.9,2.8,30.2,4.8,74.1,0.4,40.0,1.4,55.6,59.8
Goga Bitadze,ORL,8,4,4,16.2,7.0,0.3,100.0,0.0,0.0,0.0,0.0,6.0,69.2,0.4,0.0,0.5,50.0,60.0
Gordon Hayward,CHA,9,3,6,32.7,17.2,4.6,41.2,4.0,43.8,2.6,31.4,2.1,69.2,1.2,50.0,1.1,33.3,50.4
Gradey Dick,TOR,10,4,6,17.1,4.8,0.6,14.3,2.8,32.3,0.0,0.0,0.4,100.0,0.0,0.0,0.0,0.0,38.0
Grant Williams,DAL,11,9,2,29.1,11.6,0.9,33.3,7.4,49.1,1.2,41.7,1.0,60.0,0.0,0.0,0.0,0.0,65.9
Grayson Allen,PHX,11,5,6,31.1,12.4,1.6,36.4,7.6,51.9,0.5,20.0,0.2,100.0,0.0,0.0,0.2,100.0,62.4
Harrison Barnes,SAC,9,5,4,30.4,11.3,2.4,61.5,4.0,35.3,1.8,66.7,0.9,66.7,0.2,0.0,0.0,0.0,57.5
Harry Giles III,BKN,1,0,1,5.9,7.0,0.0,0.0,3.0,100.0,0.0,0.0,0.0,0.0,0.0,0.0,0.0,0.0,116.7
Haywood Highsmith,MIA,7,6,1,26.5,8.4,0.9,66.7,4.6,37.9,0.6,40.0,0.6,66.7,0.0,0.0,0.0,0.0,55.3
Herbert Jones,NOP,8,5,3,31.0,11.1,2.5,64.3,2.6,25.0,0.4,100.0,2.0,100.0,0.0,0.0,1.3,100.0,57.6
Hunter Tyson,DEN,3,2,1,2.8,0.7,0.0,0.0,0.0,0.0,0.0,0.0,0.0,0.0,0.0,0.0,0.0,0.0,50.0
Immanuel Quickley,NYK,11,6,5,24.8,15.0,5.9,51.1,2.9,42.3,5.6,43.1,0.4,100.0,0.0,0.0,0.0,0.0,54.5
Isaac Okoro,CLE,6,2,4,28.8,9.5,1.8,41.7,3.0,42.9,0.0,0.0,1.0,66.7,0.0,0.0,0.3,100.0,55.8
Isaiah Hartenstein,NYK,11,6,5,16.9,6.8,0.2,33.3,0.4,28.6,0.3,50.0,4.0,66.7,0.1,0.0,0.7,37.5,60.6
Isaiah Jackson,IND,5,4,1,14.7,5.6,0.0,0.0,0.0,0.0,0.0,0.0,4.4,50.0,0.0,0.0,0.0,0.0,55.6
Isaiah Joe,OKC,11,7,4,19.0,8.7,0.0,0.0,6.3,43.4,0.7,20.0,0.2,50.0,0.0,0.0,0.2,50.0,55.9
Isaiah Mobley,CLE,1,0,1,0.9,0.0,0.0,0.0,0.0,0.0,0.0,0.0,0.0,0.0,0.0,0.0,0.0,0.0,0.0
Isaiah Stewart,DET,12,2,10,33.0,12.3,1.0,57.1,4.9,41.7,0.4,66.7,4.4,56.1,0.6,25.0,0.7,75.0,56.5
Ish Smith,CHA,4,0,4,12.4,1.5,0.0,0.0,0.0,0.0,1.0,33.3,0.0,0.0,0.0,0.0,0.0,0.0,42.9
Ish Wainright,POR,2,0,2,2.6,0.0,0.0,0.0,0.0,0.0,0.0,0.0,0.0,0.0,0.0,0.0,0.0,0.0,0.0
Ivica Zubac,LAC,10,3,7,25.0,10.3,0.0,0.0,0.0,0.0,0.0,0.0,8.1,61.1,0.8,37.5,1.7,77.8,56.9
JT Thor,CHA,10,3,7,19.9,4.4,0.2,14.3,3.2,44.4,0.0,0.0,0.8,57.1,0.0,0.0,0.8,100.0,47.8
JaVale McGee,SAC,8,4,4,11.5,7.0,0.6,33.3,0.0,0.0,0.0,0.0,5.0,78.3,0.6,100.0,1.0,80.0,65.8
Jabari Smith Jr.,HOU,9,6,3,28.1,12.3,1.8,63.6,4.6,40.0,1.4,22.7,2.9,76.5,0.9,66.7,1.0,66.7,57.0
Jabari Walker,POR,10,3,7,15.3,6.9,0.8,37.5,1.8,33.3,0.5,66.7,1.4,46.2,0.0,0.0,0.8,75.0,54.8
Jacob Gilyard,MEM,8,2,6,17.2,4.8,0.0,0.0,3.4,45.0,1.4,57.1,0.0,0.0,0.0,0.0,0.0,0.0,70.4
Jaden Hardy,DAL,9,7,2,11.8,7.7,2.7,45.0,2.3,33.3,1.4,37.5,0.2,100.0,0.0,0.0,0.0,0.0,47.5
Jaden Ivey,DET,8,2,6,19.6,11.0,4.0,60.0,3.0,47.1,1.3,23.5,0.6,50.0,0.0,0.0,0.0,0.0,57.8
Jaden McDaniels,MIN,9,7,2,24.6,9.9,2.2,62.5,3.0,42.9,2.8,50.0,0.4,50.0,0.2,100.0,0.7,100.0,62.9
Jaden Springer,PHI,7,5,2,9.8,2.4,0.6,40.0,0.4,25.0,0.0,0.0,0.9,66.7,0.0,0.0,0.0,0.0,39.5
Jae Crowder,MIL,9,5,4,26.7,8.1,0.7,75.0,4.2,43.3,1.6,83.3,0.9,80.0,0.0,0.0,0.2,100.0,70.2
Jae'Sean Tate,HOU,9,6,3,20.3,6.8,1.3,54.5,3.3,45.5,0.0,0.0,0.4,66.7,0.1,0.0,0.0,0.0,60.9
Jaime Jaquez Jr.,MIA,11,7,4,22.9,9.1,2.5,61.1,2.4,26.5,0.8,100.0,2.0,73.3,0.4,66.7,0.2,100.0,55.4
Jake LaRavia,MEM,5,0,5,12.2,3.4,1.2,60.0,1.2,16.7,0.4,100.0,0.6,50.0,0.0,0.0,0.0,0.0,40.0
Jakob Poeltl,TOR,10,4,6,25.4,11.2,0.6,75.0,0.0,0.0,0.0,0.0,7.8,67.9,0.2,33.3,2.9,70.0,67.5
Jalen Brunson,NYK,11,6,5,34.9,22.7,6.0,31.6,4.5,47.2,9.5,42.7,0.5,100.0,0.0,0.0,0.0,0.0,50.0
Jalen Duren,DET,8,2,6,28.8,12.6,1.3,41.7,0.3,100.0,0.0,0.0,8.0,76.9,0.0,0.0,2.6,47.4,62.2
Jalen Green,HOU,9,6,3,32.1,19.0,6.4,35.3,3.8,50.0,4.0,31.1,0.9,50.0,0.0,0.0,0.7,75.0,48.1
Jalen Johnson,ATL,10,5,5,30.0,14.3,3.5,63.6,4.5,51.6,0.4,50.0,3.3,66.7,0.2,50.0,1.2,75.0,66.2
Jalen McDaniels,TOR,9,3,6,9.7,1.3,0.0,0.0,0.7,14.3,0.0,0.0,0.0,0.0,0.0,0.0,0.0,0.0,22.2
Jalen Pickett,DEN,4,3,1,5.9,3.0,0.5,100.0,0.8,50.0,1.8,75.0,0.0,0.0,0.0,0.0,0.0,0.0,85.7
Jalen Slawson,SAC,1,1,0,0.2,0.0,0.0,0.0,0.0,0.0,0.0,0.0,0.0,0.0,0.0,0.0,0.0,0.0,0.0
Jalen Smith,IND,9,6,3,16.1,11.0,0.4,25.0,3.0,60.0,0.6,100.0,6.2,80.0,0.2,25.0,1.6,85.7,80.0
Jalen Suggs,ORL,10,6,4,27.6,11.0,2.4,47.4,3.5,33.3,1.2,18.5,1.2,50.0,0.0,0.0,0.0,0.0,42.1
Jalen Williams,OKC,11,7,4,32.8,17.3,6.5,50.8,2.9,36.7,2.0,40.0,2.4,76.9,0.0,0.0,0.5,66.7,57.0
Jalen Wilson,BKN,2,1,1,3.3,0.0,0.0,0.0,0.0,0.0,0.0,0.0,0.0,0.0,0.0,0.0,0.0,0.0,0.0
Jamal Cain,MIA,3,1,2,9.9,2.7,0.7,100.0,0.0,0.0,0.7,100.0,1.3,66.7,0.0,0.0,0.0,0.0,44.4
Jamal Murray,DEN,6,5,1,34.4,18.7,5.3,56.0,2.5,35.7,8.5,36.2,2.0,71.4,0.3,50.0,1.3,100.0,51.1
Jamaree Bouyea,POR,3,0,3,12.8,2.7,0.7,16.7,0.0,0.0,0.7,33.3,0.0,0.0,0.0,0.0,0.0,0.0,23.5
James Harden,LAC,5,0,5,32.1,15.0,5.6,64.7,3.0,41.7,6.2,48.1,0.0,0.0,0.0,0.0,0.4,100.0,56.9
James Wiseman,DET,5,0,5,10.4,5.4,0.0,0.0,0.4,50.0,0.4,33.3,3.6,75.0,0.4,50.0,0.2,0.0,59.1
Jarace Walker,IND,3,2,1,8.8,3.3,1.3,50.0,0.0,0.0,1.3,66.7,0.0,0.0,0.0,0.0,0.0,0.0,33.3
Jared Butler,WAS,2,0,2,4.5,1.5,0.0,0.0,1.5,50.0,0.0,0.0,0.0,0.0,0.0,0.0,0.0,0.0,37.5
Jared Rhoden,DET,5,0,5,5.9,2.6,0.0,0.0,0.6,25.0,0.8,66.7,0.8,100.0,0.0,0.0,0.0,0.0,61.1
Jaren Jackson Jr.,MEM,11,2,9,30.7,19.4,6.1,44.6,4.8,36.0,0.6,21.4,3.8,69.6,1.5,46.7,2.3,66.7,49.4
Jarrett Allen,CLE,6,3,3,25.7,11.8,0.3,50.0,0.3,33.3,0.0,0.0,7.8,77.3,1.2,75.0,1.7,57.1,67.6
Jaxson Hayes,LAL,10,6,4,10.1,2.7,0.0,0.0,0.0,0.0,0.0,0.0,1.3,54.5,0.0,0.0,0.6,50.0,60.0
Jaylen Brown,BOS,10,8,2,33.7,22.9,6.0,47.3,5.0,36.2,6.4,38.8,1.1,62.5,0.6,50.0,0.2,33.3,53.5
Jaylin Williams,OKC,6,4,2,14.6,4.2,0.5,100.0,2.0,25.0,0.3,50.0,0.3,50.0,0.0,0.0,0.7,25.0,43.5
Jayson Tatum,BOS,11,9,2,36.4,28.5,8.2,59.7,4.9,54.3,9.0,38.0,1.2,66.7,1.6,50.0,0.5,75.0,60.6
Jeff Green,HOU,9,6,3,15.3,7.2,2.0,100.0,1.3,36.4,0.2,50.0,2.9,78.6,0.4,100.0,0.6,100.0,66.7
Jerami Grant,POR,10,3,7,35.1,21.0,5.6,40.4,6.8,36.4,2.0,35.7,1.7,54.5,0.8,50.0,1.0,60.0,48.3
Jeremiah Robinson-Earl,NOP,4,1,3,19.0,7.5,1.0,100.0,4.5,66.7,0.5,100.0,0.0,0.0,0.0,0.0,0.0,0.0,72.2
Jeremy Sochan,SAS,11,3,8,27.7,10.4,3.5,37.2,2.7,68.8,0.4,10.5,2.4,70.6,0.3,16.7,0.5,66.7,49.0
Jericho Sims,NYK,5,3,2,3.3,0.6,0.0,0.0,0.0,0.0,0.0,0.0,0.6,50.0,0.0,0.0,0.0,0.0,50.0
Jermaine Samuels Jr.,HOU,3,2,1,6.6,2.0,1.3,100.0,0.0,0.0,0.0,0.0,0.0,0.0,0.0,0.0,0.0,0.0,66.7
Jerome Robinson,GSW,1,1,0,4.7,0.0,0.0,0.0,0.0,0.0,0.0,0.0,0.0,0.0,0.0,0.0,0.0,0.0,0.0
Jett Howard,ORL,4,2,2,4.0,0.5,0.0,0.0,0.0,0.0,0.0,0.0,0.5,50.0,0.0,0.0,0.0,0.0,12.5
Jevon Carter,CHI,11,4,7,14.6,6.0,0.4,20.0,2.7,41.7,2.9,40.6,0.0,0.0,0.0,0.0,0.2,100.0,54.1
Jimmy Butler,MIA,9,6,3,33.8,20.0,6.1,35.0,3.0,62.5,2.7,29.7,4.3,58.6,0.1,0.0,1.6,54.5,49.2
Jock Landale,HOU,7,6,1,11.0,2.0,0.3,100.0,0.9,20.0,0.3,100.0,0.9,28.6,0.0,0.0,0.0,0.0,33.3
Joe Harris,DET,7,2,5,14.0,3.4,0.0,0.0,2.6,33.3,0.0,0.0,0.3,50.0,0.0,0.0,0.3,100.0,48.0
Joe Ingles,ORL,10,6,4,19.0,3.4,0.5,33.3,2.4,40.0,0.2,14.3,0.0,0.0,0.0,0.0,0.1,0.0,46.9
Joel Embiid,PHI,11,8,3,34.1,31.9,8.7,62.0,4.9,52.4,4.5,35.3,7.5,55.3,3.3,38.5,5.3,64.7,53.0
John Collins,UTA,11,4,7,31.2,14.9,3.5,64.0,4.6,42.5,0.7,30.8,3.8,56.3,0.2,50.0,1.4,75.0,59.2
John Konchar,MEM,8,1,7,18.0,3.9,0.3,25.0,2.6,43.8,0.0,0.0,0.3,25.0,0.0,0.0,0.3,100.0,57.4
Johnny Davis,WAS,6,1,5,10.5,5.2,1.8,71.4,0.5,33.3,0.3,33.3,0.7,66.7,0.0,0.0,0.2,0.0,55.8
Jonas Valanciunas,NOP,11,5,6,24.1,11.7,1.4,100.0,3.6,39.5,0.5,100.0,4.5,52.8,1.1,43.8,1.0,57.1,56.0
Jonathan Isaac,ORL,8,6,2,12.8,4.3,0.0,0.0,2.1,27.3,0.0,0.0,1.1,42.9,0.0,0.0,0.0,0.0,37.5
Jonathan Kuminga,GSW,10,5,5,20.2,11.6,2.0,28.6,1.8,26.9,1.0,31.3,2.2,50.0,1.8,55.6,1.3,57.1,42.6
Jordan Clarkson,UTA,11,4,7,31.5,17.7,7.6,49.3,2.8,35.5,5.1,37.7,1.6,53.3,0.0,0.0,0.4,33.3,47.7
Jordan Ford,SAC,4,2,2,3.1,1.8,0.5,50.0,0.0,0.0,1.3,50.0,0.0,0.0,0.0,0.0,0.0,0.0,50.0
Jordan Goodwin,PHX,11,5,6,18.1,6.7,1.5,35.0,3.3,35.3,1.1,31.3,0.5,42.9,0.0,0.0,0.0,0.0,43.2
Jordan Hawkins,NOP,11,5,6,29.3,13.7,0.7,25.0,8.2,37.8,2.4,33.3,0.4,66.7,0.0,0.0,0.5,50.0,50.0
Jordan McLaughlin,MIN,5,4,1,3.8,1.0,0.0,0.0,0.6,50.0,0.0,0.0,0.0,0.0,0.0,0.0,0.0,0.0,37.5
Jordan Miller,LAC,2,2,0,3.4,2.5,1.0,100.0,1.5,100.0,0.0,0.0,0.0,0.0,0.0,0.0,0.0,0.0,83.3
Jordan Nwora,IND,3,2,1,12.0,5.3,2.0,50.0,2.0,33.3,0.0,0.0,0.0,0.0,0.0,0.0,0.0,0.0,38.9
Jordan Poole,WAS,11,2,9,29.0,16.2,5.0,42.6,4.6,36.2,3.4,29.6,0.8,100.0,0.0,0.0,0.6,100.0,47.3
Josh Giddey,OKC,11,7,4,28.0,12.5,5.6,46.7,1.1,19.0,1.5,50.0,1.1,30.0,0.2,33.3,0.5,33.3,44.7
Josh Green,DAL,11,9,2,27.1,7.0,1.5,46.7,3.5,33.3,0.6,60.0,0.5,75.0,0.0,0.0,0.2,100.0,50.7
Josh Hart,NYK,11,6,5,28.9,7.3,1.6,42.9,2.6,26.3,1.3,40.0,0.2,0.0,0.0,0.0,1.0,100.0,46.3
Josh Minott,MIN,6,4,2,3.0,1.7,0.3,100.0,0.0,0.0,0.0,0.0,0.3,50.0,0.0,0.0,0.3,100.0,44.4
Josh Okogie,PHX,11,5,6,23.2,8.0,1.3,44.4,1.9,29.2,0.0,0.0,3.1,69.2,0.0,0.0,0.0,0.0,50.0
Josh Richardson,MIA,8,6,2,24.9,7.4,1.6,35.7,3.3,29.0,1.0,36.4,0.8,100.0,0.0,0.0,0.3,100.0,45.6
Jrue Holiday,BOS,11,9,2,34.1,13.4,4.4,45.0,1.5,30.0,5.0,38.2,1.6,69.2,0.7,100.0,0.7,44.4,51.9
Julian Champagnie,SAS,6,1,5,11.2,3.7,0.3,0.0,1.5,18.8,0.8,40.0,0.7,50.0,0.0,0.0,0.0,0.0,31.3
Julian Phillips,CHI,4,1,3,2.8,0.0,0.0,0.0,0.0,0.0,0.0,0.0,0.0,0.0,0.0,0.0,0.0,0.0,0.0
Julian Strawther,DEN,6,4,2,10.3,6.3,2.3,77.8,3.5,36.8,1.2,42.9,0.0,0.0,0.0,0.0,0.0,0.0,57.6
Julius Randle,NYK,11,6,5,34.5,19.0,6.8,42.4,4.4,28.6,3.5,32.1,2.9,47.8,0.6,16.7,0.8,80.0,41.0
Justin Holiday,DEN,3,2,1,3.6,1.0,0.0,0.0,1.0,50.0,0.0,0.0,0.0,0.0,0.0,0.0,0.0,0.0,75.0
Justin Minaya,POR,2,0,2,2.6,0.0,0.0,0.0,0.0,0.0,0.0,0.0,0.0,0.0,0.0,0.0,0.0,0.0,0.0
Jusuf Nurkic,PHX,11,5,6,27.1,9.5,0.5,50.0,2.4,30.0,0.2,25.0,3.3,45.5,1.3,33.3,2.0,37.5,43.7
KJ Martin,PHI,6,5,1,6.6,1.7,0.3,50.0,0.5,20.0,0.0,0.0,0.3,50.0,0.0,0.0,0.0,0.0,40.9
Kaiser Gates,NOP,1,0,1,7.4,0.0,0.0,0.0,0.0,0.0,0.0,0.0,0.0,0.0,0.0,0.0,0.0,0.0,0.0
Karl-Anthony Towns,MIN,11,8,3,33.3,21.0,7.9,54.0,6.2,33.8,1.3,36.8,2.7,61.1,1.9,50.0,1.9,69.2,52.4
Kawhi Leonard,LAC,10,3,7,33.9,20.5,5.2,43.5,5.8,48.8,6.3,36.0,2.2,62.5,1.0,57.1,1.2,50.0,53.3
Keegan Murray,SAC,9,5,4,34.6,15.0,3.0,45.5,6.4,31.3,3.0,37.9,2.4,81.8,0.2,50.0,0.2,50.0,50.4
Keita Bates-Diop,PHX,8,4,4,21.0,6.1,1.4,55.6,1.9,29.4,0.6,50.0,1.1,50.0,0.0,0.0,0.0,0.0,51.2
Keldon Johnson,SAS,10,3,7,32.3,15.3,4.6,45.7,4.1,32.6,1.9,34.8,2.3,68.8,0.0,0.0,0.4,50.0,50.0
Kelly Olynyk,UTA,11,4,7,20.7,7.7,1.9,80.0,2.5,50.0,0.2,25.0,1.9,69.2,0.0,0.0,0.0,0.0,67.0
Kelly Oubre Jr.,PHI,8,7,1,29.0,16.3,3.9,45.5,3.3,32.1,2.5,58.3,4.9,69.6,0.0,0.0,0.9,75.0,57.4
Kenneth Lofton Jr.,MEM,7,1,6,8.4,2.7,0.9,66.7,0.9,25.0,0.3,50.0,0.3,33.3,0.1,0.0,0.6,50.0,44.4
Kenrich Williams,OKC,1,1,0,14.9,9.0,0.0,0.0,0.0,0.0,3.0,50.0,4.0,100.0,0.0,0.0,0.0,0.0,64.3
Kentavious Caldwell-Pope,DEN,9,7,2,34.1,9.6,0.3,0.0,4.6,46.7,2.6,45.5,0.2,50.0,0.0,0.0,0.4,66.7,62.3
Keon Ellis,SAC,6,4,2,11.5,4.2,0.7,50.0,1.5,30.0,1.0,22.2,0.7,100.0,0.0,0.0,0.0,0.0,47.7
Kessler Edwards,SAC,7,5,2,2.8,0.6,0.0,0.0,0.4,25.0,0.0,0.0,0.0,0.0,0.0,0.0,0.0,0.0,30.0
Kevin Durant,PHX,11,5,6,36.6,30.1,9.1,51.4,5.4,50.0,8.6,41.5,1.9,72.7,1.9,57.1,1.1,50.0,56.0
Kevin Huerter,SAC,9,5,4,27.1,13.7,1.7,50.0,4.9,32.6,4.0,52.0,1.8,70.0,0.0,0.0,0.4,66.7,57.4
Kevin Knox II,DET,2,0,2,26.3,15.0,1.0,100.0,7.5,71.4,2.5,66.7,1.0,50.0,0.0,0.0,0.0,0.0,93.8
Kevin Love,MIA,6,4,2,18.0,7.8,0.7,33.3,4.5,29.0,0.0,0.0,1.2,66.7,0.0,0.0,0.3,100.0,44.9
Kevon Looney,GSW,11,6,5,23.4,5.1,0.4,40.0,0.4,100.0,0.0,0.0,2.9,56.0,0.0,0.0,0.5,42.9,58.1
Keyontae Johnson,OKC,1,0,1,5.5,0.0,0.0,0.0,0.0,0.0,0.0,0.0,0.0,0.0,0.0,0.0,0.0,0.0,0.0
Keyonte George,UTA,11,4,7,23.0,8.0,1.9,40.0,2.2,30.8,2.0,29.6,0.7,100.0,0.0,0.0,0.0,0.0,47.4
Khris Middleton,MIL,9,6,3,19.1,11.3,2.2,45.0,1.6,38.5,6.1,55.8,0.7,75.0,1.0,100.0,0.0,0.0,57.6
Killian Hayes,DET,12,2,10,29.9,10.7,2.9,51.6,3.1,35.1,4.6,42.6,0.0,0.0,0.1,0.0,0.2,100.0,45.8
Kira Lewis Jr.,NOP,10,5,5,11.5,3.5,0.9,25.0,0.3,10.0,0.2,11.1,0.2,33.3,0.0,0.0,0.2,50.0,33.8
Klay Thompson,GSW,10,5,5,28.3,14.6,1.6,42.9,7.1,37.9,4.1,44.2,1.4,55.6,0.0,0.0,0.6,50.0,51.5
Kobe Brown,LAC,6,3,3,8.7,2.8,0.0,0.0,1.5,37.5,0.3,50.0,0.3,100.0,0.0,0.0,0.7,100.0,60.7
Kobe Bufkin,ATL,2,2,0,2.2,0.5,0.0,0.0,0.0,0.0,0.0,0.0,0.0,0.0,0.0,0.0,0.0,0.0,0.0
Kris Dunn,UTA,9,3,6,11.4,3.7,2.2,50.0,1.0,42.9,0.2,50.0,0.0,0.0,0.0,0.0,0.0,0.0,45.3
Kris Murray,POR,5,0,5,6.8,1.0,0.0,0.0,0.6,25.0,0.0,0.0,0.4,100.0,0.0,0.0,0.0,0.0,41.7
Kristaps Porzingis,BOS,10,8,2,30.2,19.7,1.3,42.9,5.9,43.5,0.7,27.3,6.5,71.4,1.8,71.4,0.9,20.0,65.2
Kyle Anderson,MIN,11,8,3,24.8,7.4,3.2,51.9,1.1,41.7,1.1,54.5,1.3,70.0,0.2,50.0,0.7,50.0,55.7
Kyle Kuzma,WAS,11,2,9,30.2,23.9,8.2,51.5,5.5,39.6,4.0,31.6,2.9,83.3,0.7,60.0,1.5,72.7,53.2
Kyle Lowry,MIA,10,6,4,29.5,7.2,0.6,22.2,3.6,50.0,1.8,30.0,0.6,100.0,0.0,0.0,0.0,0.0,58.2
Kyrie Irving,DAL,8,6,2,32.4,22.4,8.8,52.9,5.5,45.5,6.5,43.1,1.5,60.0,0.0,0.0,0.8,60.0,54.2
LaMelo Ball,CHA,10,3,7,33.5,22.2,9.7,48.8,4.7,35.6,5.3,32.2,1.4,54.5,0.0,0.0,0.6,100.0,50.0
Lamar Stevens,BOS,3,2,1,5.6,3.0,0.0,0.0,1.7,100.0,0.0,0.0,2.0,60.0,0.0,0.0,0.7,33.3,64.3
Landry Shamet,WAS,7,1,6,16.6,6.9,2.1,70.0,3.9,37.5,0.3,10.0,0.0,0.0,0.0,0.0,0.0,0.0,50.0
Larry Nance Jr.,NOP,10,4,6,15.7,3.8,0.0,0.0,0.8,25.0,0.3,50.0,2.2,71.4,0.0,0.0,0.7,50.0,53.0
Lauri Markkanen,UTA,11,4,7,33.3,23.9,1.7,27.8,11.1,41.4,1.2,27.8,6.0,67.6,0.4,25.0,2.1,72.7,59.7
LeBron James,LAL,11,5,6,33.9,24.6,7.6,64.9,4.0,39.5,3.8,36.2,1.7,70.0,1.5,54.5,0.8,60.0,63.1
Leaky Black,CHA,3,0,3,4.1,1.7,0.0,0.0,1.0,50.0,0.0,0.0,0.7,100.0,0.0,0.0,0.0,0.0,50.0
Leonard Miller,MIN,1,1,0,1.9,0.0,0.0,0.0,0.0,0.0,0.0,0.0,0.0,0.0,0.0,0.0,0.0,0.0,0.0
Lester Quinones,GSW,1,1,0,4.7,5.0,2.0,100.0,3.0,100.0,0.0,0.0,0.0,0.0,0.0,0.0,0.0,0.0,83.3
Lindell Wigginton,MIL,1,1,0,2.4,0.0,0.0,0.0,0.0,0.0,0.0,0.0,0.0,0.0,0.0,0.0,0.0,0.0,0.0
Lindy Waters III,OKC,5,3,2,5.8,1.2,0.0,0.0,1.2,40.0,0.0,0.0,0.0,0.0,0.0,0.0,0.0,0.0,50.0
Lonnie Walker IV,BKN,10,6,4,21.2,15.0,4.0,64.0,4.2,46.7,4.5,45.0,1.0,80.0,0.0,0.0,0.4,100.0,61.6
Luguentz Dort,OKC,11,7,4,29.7,13.1,1.9,50.0,5.1,42.2,2.0,53.3,1.7,63.6,0.0,0.0,0.2,100.0,61.7
Luka Doncic,DAL,11,9,2,34.4,30.6,9.5,57.4,3.3,40.0,13.6,45.6,0.6,75.0,1.1,33.3,0.4,50.0,62.0
Luka Garza,MIN,3,1,2,3.5,4.0,1.0,100.0,0.0,0.0,0.0,0.0,1.3,25.0,0.0,0.0,0.7,100.0,44.4
Luka Samanic,UTA,5,1,4,3.4,2.6,0.0,0.0,1.2,40.0,0.0,0.0,0.4,100.0,0.0,0.0,1.0,100.0,60.0
Luke Kennard,MEM,8,2,6,21.5,8.3,0.0,0.0,4.4,38.7,2.5,29.2,0.3,100.0,0.0,0.0,0.0,0.0,50.9
Luke Kornet,BOS,9,7,2,11.6,4.0,0.0,0.0,0.0,0.0,0.0,0.0,3.7,82.4,0.0,0.0,0.3,100.0,78.9
Malachi Flynn,TOR,10,4,6,16.5,5.4,1.5,63.6,2.1,35.0,1.2,33.3,0.2,100.0,0.0,0.0,0.2,100.0,52.1
Malaki Branham,SAS,11,3,8,20.2,9.0,2.2,44.4,2.5,32.3,3.7,48.7,0.7,80.0,0.0,0.0,0.2,50.0,48.9
Malcolm Brogdon,POR,7,3,4,31.0,19.0,7.7,45.5,4.7,44.0,5.4,28.8,1.7,100.0,0.0,0.0,0.0,0.0,46.2
Malcolm Cazalon,DET,1,0,1,2.6,0.0,0.0,0.0,0.0,0.0,0.0,0.0,0.0,0.0,0.0,0.0,0.0,0.0,0.0
Malik Beasley,MIL,11,7,4,25.7,10.3,0.7,44.4,6.3,46.0,2.3,62.5,0.5,50.0,0.0,0.0,0.2,100.0,66.7
Malik Monk,SAC,9,5,4,22.8,12.0,3.2,34.5,4.0,42.9,2.7,27.6,0.2,50.0,0.0,0.0,0.4,100.0,51.7
MarJon Beauchamp,MIL,10,6,4,16.7,6.8,0.4,20.0,3.0,50.0,0.9,40.0,0.8,66.7,0.0,0.0,0.2,0.0,61.8
Marcus Morris Sr.,PHI,4,2,2,9.6,1.3,0.0,0.0,0.0,0.0,1.0,50.0,0.0,0.0,0.5,50.0,0.0,0.0,22.2
Marcus Sasser,DET,12,2,10,19.9,9.3,2.3,54.5,2.9,48.0,4.5,47.9,0.2,100.0,0.0,0.0,0.0,0.0,58.8
Marcus Smart,MEM,11,2,9,29.9,12.5,4.6,58.5,4.1,35.7,2.6,31.7,0.4,50.0,0.4,50.0,0.0,0.0,50.4
Mark Williams,CHA,10,3,7,25.1,14.4,0.0,0.0,0.2,100.0,0.0,0.0,11.8,75.0,0.3,50.0,2.0,80.0,74.4
Markelle Fultz,ORL,4,2,2,28.6,11.0,4.0,50.0,0.0,0.0,2.5,31.3,1.5,60.0,0.5,100.0,0.0,0.0,50.0
Markieff Morris,DAL,1,1,0,3.8,0.0,0.0,0.0,0.0,0.0,0.0,0.0,0.0,0.0,0.0,0.0,0.0,0.0,0.0
Markquis Nowell,TOR,1,0,1,3.5,2.0,2.0,0.0,0.0,0.0,0.0,0.0,0.0,0.0,0.0,0.0,0.0,0.0,0.0
Marvin Bagley III,DET,12,2,10,19.7,11.4,2.0,46.2,0.9,35.7,0.2,50.0,5.3,71.8,0.6,42.9,1.9,62.5,59.7
Mason Plumlee,LAC,6,3,3,17.0,5.0,0.2,0.0,0.0,0.0,0.0,0.0,3.2,81.8,0.2,0.0,0.8,100.0,63.2
Matisse Thybulle,POR,10,3,7,18.9,6.3,0.4,100.0,5.1,45.9,0.0,0.0,0.2,100.0,0.0,0.0,0.0,0.0,70.0
Matt Ryan,NOP,11,5,6,23.0,9.3,0.5,33.3,6.6,45.5,1.0,30.8,0.4,100.0,0.0,0.0,0.2,100.0,63.4
Max Christie,LAL,8,3,5,14.0,3.0,1.3,38.5,0.4,12.5,0.9,30.0,0.0,0.0,0.0,0.0,0.0,0.0,34.5
Max Strus,CLE,11,5,6,35.1,14.3,1.7,47.1,8.1,38.0,0.6,25.0,1.8,81.8,0.0,0.0,0.4,50.0,54.2
Maxi Kleber,DAL,4,4,0,18.8,3.3,0.0,0.0,2.3,33.3,0.0,0.0,1.0,25.0,0.0,0.0,0.0,0.0,34.4
Maxwell Lewis,LAL,5,1,4,3.9,0.0,0.0,0.0,0.0,0.0,0.0,0.0,0.0,0.0,0.0,0.0,0.0,0.0,0.0
Michael Porter Jr.,DEN,9,7,2,29.2,15.0,1.1,50.0,6.3,36.4,2.4,33.3,3.7,77.8,0.0,0.0,0.4,33.3,55.1
Mikal Bridges,BKN,11,6,5,34.3,20.3,7.6,60.9,4.1,28.3,6.2,44.9,0.9,44.4,0.0,0.0,0.5,50.0,51.4
Mike Conley,MIN,11,8,3,28.7,11.0,3.5,55.2,3.0,50.0,4.5,46.5,0.0,0.0,0.0,0.0,0.0,0.0,64.9
Mike Muscala,WAS,6,1,5,10.7,3.0,0.0,0.0,1.3,27.3,0.0,0.0,1.3,60.0,0.0,0.0,1.3,60.0,43.8
Miles McBride,NYK,8,4,4,3.4,1.4,0.0,0.0,0.8,28.6,0.0,0.0,0.0,0.0,0.0,0.0,0.0,0.0,45.5
Mitchell Robinson,NYK,11,6,5,29.7,6.5,0.0,0.0,0.0,0.0,0.0,0.0,6.3,57.7,0.2,50.0,0.2,50.0,56.4
Mo Bamba,PHI,4,4,0,2.3,0.5,0.5,0.0,0.0,0.0,0.0,0.0,0.0,0.0,0.0,0.0,0.0,0.0,0.0
Moritz Wagner,ORL,10,6,4,19.0,11.4,1.9,100.0,1.7,37.5,0.0,0.0,5.6,78.1,0.4,25.0,2.8,61.1,67.4
Moses Moody,GSW,11,6,5,17.1,6.9,1.0,50.0,2.2,25.0,1.6,63.6,1.2,71.4,0.0,0.0,0.0,0.0,55.0
Mouhamed Gueye,ATL,2,2,0,2.2,0.0,0.0,0.0,0.0,0.0,0.0,0.0,0.0,0.0,0.0,0.0,0.0,0.0,0.0
Moussa Diabate,LAC,6,3,3,7.5,3.5,0.0,0.0,0.0,0.0,0.0,0.0,2.8,70.0,0.0,0.0,0.7,100.0,57.1
Myles Turner,IND,11,7,4,26.7,17.9,2.2,47.1,6.5,49.0,0.4,16.7,6.2,63.2,0.8,37.5,3.2,70.0,59.3
Naji Marshall,NOP,2,1,1,17.2,12.0,1.0,100.0,1.5,20.0,1.5,100.0,2.5,100.0,0.0,0.0,0.0,0.0,66.7
Nassir Little,PHX,6,3,3,10.3,3.5,0.7,100.0,1.0,22.2,0.5,50.0,0.7,100.0,0.0,0.0,0.0,0.0,56.7
Nate Hinton,HOU,2,2,0,3.9,3.0,0.0,0.0,0.0,0.0,3.0,66.7,0.0,0.0,0.0,0.0,0.0,0.0,75.0
Nate Williams,HOU,2,1,1,6.3,4.5,2.5,66.7,0.0,0.0,0.0,0.0,1.0,100.0,0.0,0.0,0.0,0.0,57.1
Naz Reid,MIN,11,8,3,21.5,13.0,1.8,52.9,5.4,47.6,0.5,28.6,2.4,78.6,1.1,66.7,0.5,60.0,64.6
Nic Claxton,BKN,3,2,1,25.7,8.3,0.7,33.3,0.0,0.0,0.0,0.0,6.3,56.3,0.7,50.0,0.7,0.0,50.0
Nick Richards,CHA,10,3,7,18.5,9.1,0.4,100.0,0.0,0.0,0.0,0.0,7.0,81.8,0.2,0.0,0.6,33.3,80.0
Nick Smith Jr.,CHA,4,1,3,7.0,2.8,0.5,100.0,1.5,50.0,1.3,50.0,0.0,0.0,0.0,0.0,0.0,0.0,55.0
Nickeil Alexander-Walker,MIN,11,8,3,19.9,5.0,0.9,40.0,3.0,42.3,0.9,41.7,0.2,100.0,0.0,0.0,0.0,0.0,50.0
Nicolas Batum,PHI,7,6,1,22.5,5.1,0.0,0.0,3.7,50.0,0.9,66.7,0.3,100.0,0.0,0.0,0.0,0.0,78.3
Nikola Jokic,DEN,9,7,2,34.7,29.7,3.2,61.9,7.0,52.1,2.0,33.3,9.2,72.5,5.8,52.6,7.9,82.9,62.5
Nikola Jovic,MIA,2,0,2,14.2,6.5,0.0,0.0,3.0,50.0,1.5,100.0,0.0,0.0,0.0,0.0,1.0,0.0,68.8
Nikola Vucevic,CHI,11,4,7,35.3,17.5,1.9,76.9,3.7,26.3,0.5,50.0,7.7,57.6,2.5,46.4,2.4,52.0,51.5
Norman Powell,LAC,10,3,7,24.4,12.8,4.0,70.8,5.6,54.3,2.0,42.9,0.4,50.0,0.0,0.0,0.0,0.0,64.7
OG Anunoby,TOR,7,3,4,30.7,15.0,1.9,55.6,7.6,41.9,1.1,25.0,1.4,62.5,0.6,66.7,1.1,100.0,62.3
Obi Toppin,IND,11,7,4,22.7,11.1,1.5,50.0,2.2,30.8,0.0,0.0,4.5,87.0,0.2,50.0,0.4,0.0,66.7
Ochai Agbaji,UTA,11,4,7,17.1,4.5,0.2,25.0,2.5,36.0,0.5,40.0,0.5,40.0,0.0,0.0,0.0,0.0,50.0
Olivier Sarr,OKC,4,2,2,11.0,1.5,0.0,0.0,0.0,0.0,0.0,0.0,1.3,100.0,0.0,0.0,0.0,0.0,100.0
Olivier-Maxence Prosper,DAL,5,3,2,5.8,2.6,0.8,50.0,0.6,20.0,0.0,0.0,0.4,0.0,0.0,0.0,0.0,0.0,45.0
Omer Yurtseven,UTA,7,2,5,4.5,2.3,0.0,0.0,0.4,33.3,0.0,0.0,1.9,85.7,0.0,0.0,0.0,0.0,75.0
Onyeka Okongwu,ATL,10,5,5,22.6,9.5,0.0,0.0,1.0,44.4,0.0,0.0,6.1,69.7,0.6,100.0,1.2,60.0,63.0
Orlando Robinson,MIA,2,0,2,14.8,5.5,1.0,100.0,2.5,50.0,0.0,0.0,0.0,0.0,0.0,0.0,1.0,0.0,50.0
Oshae Brissett,BOS,6,6,0,11.1,2.2,0.3,0.0,0.5,16.7,0.0,0.0,0.7,33.3,0.0,0.0,0.3,0.0,20.6
Otto Porter Jr.,TOR,5,3,2,14.8,4.0,0.6,100.0,3.0,45.5,0.0,0.0,0.4,50.0,0.0,0.0,0.0,0.0,59.4
Ousmane Dieng,OKC,10,6,4,11.3,3.6,0.1,33.3,2.3,36.4,0.0,0.0,0.6,75.0,0.0,0.0,0.2,100.0,48.5
P.J. Tucker,LAC,9,2,7,17.8,2.2,0.0,0.0,1.7,35.7,0.0,0.0,0.0,0.0,0.0,0.0,0.2,0.0,50.0
P.J. Washington,CHA,10,3,7,33.0,17.2,4.4,48.6,4.1,32.6,1.8,35.0,4.4,69.0,0.2,20.0,1.4,63.6,54.2
Paolo Banchero,ORL,10,6,4,33.9,18.9,5.5,39.0,2.2,38.1,4.3,36.7,2.9,83.3,0.9,75.0,1.4,37.5,49.6
Pascal Siakam,TOR,10,4,6,34.3,17.5,4.7,36.6,3.6,27.9,1.8,36.0,3.0,65.0,1.4,60.0,0.0,0.0,48.6
Pat Connaughton,MIL,11,7,4,22.1,5.2,1.2,50.0,2.5,30.0,0.2,33.3,0.7,57.1,0.0,0.0,0.0,0.0,48.0
Patrick Baldwin Jr.,WAS,3,0,3,3.6,0.0,0.0,0.0,0.0,0.0,0.0,0.0,0.0,0.0,0.0,0.0,0.0,0.0,0.0
Patrick Beverley,PHI,11,8,3,16.1,2.1,1.2,60.0,0.3,8.3,0.5,33.3,0.2,50.0,0.0,0.0,0.0,0.0,36.7
Patrick Williams,CHI,11,4,7,23.4,6.3,1.8,28.6,2.2,27.6,1.5,38.9,0.4,66.7,0.0,0.0,0.0,0.0,40.6
Paul George,LAC,10,3,7,34.1,24.7,5.9,59.4,5.2,37.5,7.0,36.5,1.8,77.8,0.8,66.7,1.1,62.5,56.8
Paul Reed,PHI,11,8,3,13.1,4.6,0.7,66.7,0.3,33.3,0.0,0.0,1.9,62.5,0.0,0.0,0.8,66.7,62.8
Payton Pritchard,BOS,11,9,2,20.8,4.7,1.3,50.0,1.4,20.0,1.0,26.7,0.5,60.0,0.0,0.0,0.5,75.0,40.4
Peyton Watson,DEN,9,7,2,14.5,5.4,1.3,75.0,1.3,36.4,0.2,25.0,1.2,71.4,0.0,0.0,0.2,100.0,63.9
Precious Achiuwa,TOR,6,2,4,20.0,7.5,0.7,22.2,1.0,20.0,0.0,0.0,3.3,66.7,0.3,100.0,0.3,50.0,45.5
Quentin Grimes,NYK,11,6,5,24.7,8.1,0.5,60.0,6.0,44.0,0.8,23.1,0.0,0.0,0.0,0.0,0.0,0.0,59.3
R.J. Hampton,MIA,1,0,1,2.0,0.0,0.0,0.0,0.0,0.0,0.0,0.0,0.0,0.0,0.0,0.0,0.0,0.0,0.0
RJ Barrett,NYK,7,5,2,31.2,22.6,6.4,41.0,8.0,51.4,1.7,27.8,0.9,60.0,0.0,0.0,0.9,75.0,57.5
Rayan Rupert,POR,4,0,4,2.9,0.3,0.0,0.0,0.0,0.0,0.0,0.0,0.0,0.0,0.0,0.0,0.0,0.0,0.0
Reggie Bullock Jr.,HOU,5,2,3,10.4,1.2,0.0,0.0,1.2,28.6,0.0,0.0,0.0,0.0,0.0,0.0,0.0,0.0,37.5
Reggie Jackson,DEN,9,7,2,23.0,9.1,3.3,50.0,2.3,35.0,2.2,33.3,0.4,50.0,0.0,0.0,0.4,100.0,50.0
Richaun Holmes,DAL,3,2,1,5.9,2.7,0.0,0.0,0.0,0.0,0.0,0.0,2.0,42.9,1.3,100.0,0.7,50.0,50.0
Robert Covington,PHI,11,8,3,17.4,4.2,1.3,57.1,0.8,13.6,0.5,50.0,1.1,83.3,0.0,0.0,0.2,100.0,44.0
Robert Williams III,POR,6,2,4,19.8,6.8,0.0,0.0,1.3,66.7,0.0,0.0,4.8,75.0,0.0,0.0,1.3,60.0,65.4
Robin Lopez,MIL,2,1,1,4.0,1.0,0.0,0.0,0.0,0.0,0.0,0.0,1.0,0.0,0.0,0.0,0.0,0.0,0.0
Royce O'Neale,BKN,11,6,5,31.5,8.6,0.5,28.6,5.7,35.0,2.4,52.9,0.2,50.0,0.0,0.0,0.0,0.0,52.2
Rudy Gobert,MIN,11,8,3,32.4,11.2,0.2,25.0,0.2,33.3,0.0,0.0,9.5,55.7,1.2,66.7,1.2,50.0,51.2
Rui Hachimura,LAL,8,4,4,20.6,12.8,1.9,55.6,4.4,50.0,1.8,53.8,2.4,69.2,0.4,50.0,0.5,25.0,66.4
Russell Westbrook,LAC,10,3,7,30.7,14.0,4.3,47.4,2.6,32.1,2.4,44.0,2.0,66.7,0.2,50.0,0.4,50.0,50.4
Ryan Arcidiacono,NYK,3,3,0,2.1,0.0,0.0,0.0,0.0,0.0,0.0,0.0,0.0,0.0,0.0,0.0,0.0,0.0,0.0
Ryan Rollins,WAS,7,1,6,6.8,4.6,3.0,58.3,0.0,0.0,0.7,40.0,0.6,100.0,0.0,0.0,0.0,0.0,52.8
Saben Lee,PHX,3,2,1,3.5,2.0,1.3,50.0,0.0,0.0,1.3,66.7,0.0,0.0,0.0,0.0,0.0,0.0,50.0
Saddiq Bey,ATL,10,5,5,27.5,12.8,1.5,42.9,4.5,36.6,1.6,46.2,2.8,57.9,0.0,0.0,0.2,50.0,58.9
Sam Hauser,BOS,11,9,2,20.9,9.5,0.0,0.0,7.5,47.5,0.8,33.3,0.4,100.0,0.0,0.0,0.2,0.0,68.5
Sam Merrill,CLE,5,2,3,5.1,1.2,0.0,0.0,0.6,20.0,0.6,50.0,0.0,0.0,0.0,0.0,0.0,0.0,42.9
Sandro Mamukelashvili,SAS,3,0,3,6.3,1.7,1.0,100.0,0.0,0.0,0.0,0.0,0.7,100.0,0.0,0.0,0.0,0.0,40.0
Santi Aldama,MEM,5,2,3,21.1,11.6,3.0,70.0,4.2,36.8,0.6,33.3,1.2,33.3,0.0,0.0,1.0,25.0,56.3
Sasha Vezenkov,SAC,9,5,4,13.8,6.0,0.0,0.0,3.0,32.1,0.7,25.0,1.9,87.5,0.0,0.0,0.0,0.0,54.3
Scoot Henderson,POR,5,2,3,28.4,8.8,5.4,57.1,0.6,8.3,2.6,30.0,0.4,50.0,0.0,0.0,0.0,0.0,36.5
Scottie Barnes,TOR,10,4,6,35.4,21.6,6.5,49.1,5.3,40.0,5.2,54.5,2.8,52.0,0.4,40.0,2.3,91.7,55.7
Seth Curry,DAL,9,7,2,10.2,3.6,0.0,0.0,1.2,33.3,1.4,50.0,0.2,100.0,0.0,0.0,0.2,50.0,50.0
Shaedon Sharpe,POR,10,3,7,38.3,18.8,4.4,36.4,2.6,34.6,6.7,39.4,1.2,45.5,0.0,0.0,0.4,40.0,48.7
Shai Gilgeous-Alexander,OKC,10,7,3,34.9,29.3,14.4,55.2,1.1,28.6,10.9,49.5,1.4,87.5,1.0,62.5,1.0,100.0,56.3
Shake Milton,MIN,11,8,3,15.7,5.2,2.2,47.1,1.6,33.3,0.7,30.8,0.2,50.0,0.0,0.0,0.0,0.0,46.0
Simone Fontecchio,UTA,9,3,6,10.7,4.6,0.2,100.0,2.7,38.1,0.6,50.0,0.9,57.1,0.0,0.0,0.2,100.0,60.3
Skylar Mays,POR,9,3,6,17.5,6.6,3.4,44.4,1.3,23.5,2.1,42.9,0.0,0.0,0.0,0.0,0.0,0.0,41.1
Spencer Dinwiddie,BKN,10,5,5,28.1,12.5,3.5,60.9,4.5,42.9,3.7,36.8,0.1,0.0,0.0,0.0,0.2,50.0,57.4
Stanley Umude,DET,8,1,7,7.7,3.4,0.3,0.0,1.9,50.0,0.0,0.0,0.3,0.0,0.0,0.0,0.3,0.0,59.4
Stephen Curry,GSW,10,6,4,32.3,31.5,4.2,55.6,10.7,55.2,9.3,38.9,1.2,80.0,0.0,0.0,0.4,100.0,64.1
Svi Mykhailiuk,BOS,6,5,1,8.1,2.2,0.0,0.0,1.0,20.0,0.5,50.0,0.7,100.0,0.0,0.0,0.3,100.0,43.3
T.J. McConnell,IND,7,4,3,13.8,7.6,6.4,67.9,0.0,0.0,0.9,37.5,0.0,0.0,0.0,0.0,0.0,0.0,59.5
Talen Horton-Tucker,UTA,11,4,7,23.2,9.5,3.8,42.2,2.7,37.0,1.2,20.8,0.4,40.0,0.0,0.0,0.2,100.0,46.2
Tari Eason,HOU,3,3,0,16.4,6.3,0.0,0.0,3.0,42.9,0.7,50.0,2.0,50.0,0.0,0.0,0.0,0.0,43.2
Taurean Prince,LAL,10,5,5,29.8,9.1,2.6,73.3,3.0,26.3,1.6,42.9,0.6,75.0,0.0,0.0,0.2,50.0,53.2
Taylor Hendricks,UTA,1,0,1,2.4,1.0,0.0,0.0,0.0,0.0,0.0,0.0,0.0,0.0,0.0,0.0,0.0,0.0,0.0
Terance Mann,LAC,4,0,4,25.9,4.5,1.5,100.0,0.8,20.0,1.8,50.0,1.5,50.0,0.0,0.0,0.0,0.0,50.0
Terry Rozier,CHA,5,2,3,35.9,22.0,10.6,55.8,2.4,25.0,5.6,40.0,0.6,50.0,0.0,0.0,0.2,0.0,51.1
Terry Taylor,CHI,2,1,1,1.6,0.0,0.0,0.0,0.0,0.0,0.0,0.0,0.0,0.0,0.0,0.0,0.0,0.0,0.0
Thaddeus Young,TOR,3,0,3,3.3,1.3,0.0,0.0,0.0,0.0,0.7,100.0,0.0,0.0,0.0,0.0,0.7,50.0,50.0
Thanasis Antetokounmpo,MIL,4,1,3,9.0,1.0,0.0,0.0,0.0,0.0,0.0,0.0,0.5,33.3,0.0,0.0,0.0,0.0,28.6
Theo Maledon,CHA,10,3,7,18.8,5.4,2.0,36.0,1.2,19.0,0.5,14.3,0.3,100.0,0.0,0.0,0.0,0.0,33.6
Thomas Bryant,MIA,10,6,4,12.5,5.2,0.4,66.7,0.4,28.6,0.0,0.0,3.8,68.2,0.2,100.0,1.2,50.0,52.5
Tim Hardaway Jr.,DAL,11,9,2,28.0,18.8,3.2,72.2,7.9,34.9,4.4,48.8,0.2,33.3,0.0,0.0,0.0,0.0,56.0
Tobias Harris,PHI,11,8,3,36.6,19.5,6.3,60.4,2.5,33.3,2.1,43.5,3.5,76.2,1.5,46.2,0.9,100.0,61.1
Torrey Craig,CHI,11,4,7,22.7,5.2,0.5,30.0,1.9,28.0,0.9,57.1,1.5,61.5,0.0,0.0,0.2,50.0,47.3
Toumani Camara,POR,10,3,7,24.2,5.5,0.8,8.3,1.8,25.0,0.3,25.0,2.3,62.5,0.0,0.0,0.0,0.0,38.8
Trae Young,ATL,9,4,5,35.7,21.6,8.0,36.7,1.9,37.5,6.7,30.1,0.0,0.0,0.0,0.0,0.2,100.0,38.9
Trayce Jackson-Davis,GSW,8,4,4,6.9,2.9,0.3,100.0,0.0,0.0,0.0,0.0,1.8,54.5,0.0,0.0,0.5,20.0,53.3
Tre Jones,SAS,9,3,6,25.8,8.8,2.9,36.7,1.0,30.0,2.4,31.3,0.7,100.0,0.0,0.0,0.4,100.0,48.5
Tre Mann,OKC,4,3,1,5.1,4.3,1.5,75.0,0.8,100.0,1.3,33.3,0.0,0.0,0.0,0.0,0.0,0.0,72.7
Trendon Watford,BKN,5,3,2,14.9,7.2,3.6,63.6,1.2,40.0,0.8,50.0,0.4,0.0,0.0,0.0,0.4,100.0,57.7
Trent Forrest,ATL,2,2,0,8.9,1.0,1.0,0.0,0.0,0.0,0.0,0.0,0.0,0.0,0.0,0.0,0.0,0.0,0.0
Tristan Thompson,CLE,9,4,5,9.2,2.2,0.2,50.0,0.0,0.0,0.0,0.0,1.2,80.0,0.0,0.0,0.7,60.0,72.7
Troy Brown Jr.,MIN,8,6,2,7.3,2.0,0.8,0.0,0.0,0.0,0.0,0.0,0.8,60.0,0.0,0.0,0.0,0.0,23.1
Ty Jerome,CLE,2,1,1,7.4,2.0,2.0,66.7,0.0,0.0,0.0,0.0,0.0,0.0,0.0,0.0,0.0,0.0,50.0
TyTy Washington Jr.,MIL,2,1,1,2.8,1.5,0.0,0.0,1.5,50.0,0.0,0.0,0.0,0.0,0.0,0.0,0.0,0.0,50.0
Tyler Herro,MIA,8,4,4,34.0,22.9,7.0,53.7,4.8,48.1,9.9,41.8,1.0,80.0,0.0,0.0,0.0,0.0,53.0
Tyrese Haliburton,IND,10,7,3,33.7,24.7,9.2,68.5,2.9,58.8,11.1,44.8,0.0,0.0,0.0,0.0,0.4,0.0,63.2
Tyrese Maxey,PHI,11,8,3,38.0,27.6,9.5,45.1,4.8,54.5,7.5,36.4,0.7,80.0,0.0,0.0,0.2,100.0,56.8
Tyus Jones,WAS,11,2,9,26.4,9.6,3.6,48.8,2.5,32.1,2.8,44.8,0.4,66.7,0.0,0.0,0.2,100.0,53.1
Udoka Azubuike,PHX,2,2,0,4.3,1.0,0.0,0.0,0.0,0.0,0.0,0.0,1.0,100.0,0.0,0.0,0.0,0.0,100.0
Vasilije Micic,OKC,4,2,2,12.9,4.5,0.8,100.0,2.3,75.0,1.3,28.6,0.0,0.0,0.0,0.0,0.0,0.0,61.5
Victor Wembanyama,SAS,11,3,8,30.0,18.6,1.4,33.3,5.1,34.3,3.5,35.6,5.7,58.7,1.5,41.7,1.8,50.0,48.0
Vince Williams Jr.,MEM,4,0,4,7.9,3.0,0.0,0.0,0.8,16.7,0.0,0.0,0.5,100.0,0.0,0.0,0.0,0.0,31.3
Walker Kessler,UTA,8,2,6,24.0,8.3,0.0,0.0,0.8,33.3,0.0,0.0,6.4,60.5,0.3,33.3,0.9,75.0,56.9
Wendell Carter Jr.,ORL,5,3,2,29.4,9.4,0.0,0.0,3.0,27.8,0.0,0.0,5.8,57.9,0.0,0.0,0.0,0.0,43.3
Wesley Matthews,ATL,2,0,2,8.7,5.0,0.0,0.0,4.5,100.0,0.0,0.0,0.5,0.0,0.0,0.0,0.0,0.0,150.0
Xavier Tillman,MEM,7,0,7,25.8,9.3,1.1,40.0,3.0,31.8,0.0,0.0,2.0,33.3,0.0,0.0,1.4,31.3,47.7
Yuta Watanabe,PHX,11,5,6,19.4,5.5,0.5,20.0,4.1,37.5,0.0,0.0,0.2,100.0,0.0,0.0,0.0,0.0,52.9
Zach Collins,SAS,11,3,8,29.9,13.9,1.9,57.1,3.2,27.3,0.7,50.0,4.9,68.4,2.5,71.4,2.5,76.5,58.2
Zach LaVine,CHI,11,4,7,35.6,22.5,6.9,45.6,3.1,40.0,7.1,32.3,0.2,100.0,0.0,0.0,0.2,20.0,48.2
Zeke Nnaji,DEN,9,7,2,12.4,3.9,0.0,0.0,0.3,16.7,0.0,0.0,2.2,71.4,0.0,0.0,1.1,66.7,53.7
Ziaire Williams,MEM,10,2,8,25.6,8.3,0.8,22.2,3.6,28.6,0.9,25.0,1.6,66.7,0.0,0.0,0.4,100.0,42.9
Zion Williamson,NOP,9,4,5,31.0,21.3,8.8,40.3,0.0,0.0,0.4,50.0,6.3,75.0,0.4,33.3,1.8,58.3,51.7
